<?xml version="1.0" encoding="UTF-8"?><rss version="2.0"
	xmlns:content="http://purl.org/rss/1.0/modules/content/"
	xmlns:wfw="http://wellformedweb.org/CommentAPI/"
	xmlns:dc="http://purl.org/dc/elements/1.1/"
	xmlns:atom="http://www.w3.org/2005/Atom"
	xmlns:sy="http://purl.org/rss/1.0/modules/syndication/"
	xmlns:slash="http://purl.org/rss/1.0/modules/slash/"
	>

<channel>
	<title>sitoprova1marzo</title>
	<atom:link href="./index.html" rel="self" type="application/rss+xml" />
	<link>./../index.html</link>
	<description></description>
	<lastBuildDate>Wed, 01 Mar 2023 15:14:44 +0000</lastBuildDate>
	<language>it-IT</language>
	<sy:updatePeriod>
	hourly	</sy:updatePeriod>
	<sy:updateFrequency>
	1	</sy:updateFrequency>
	<generator>https://wordpress.org/?v=6.1.1</generator>
	<item>
		<title>Gran Prix di Formula 1</title>
		<link>./../2023/03/01/gran-prix-di-formula-1/index.html</link>
					<comments>./../2023/03/01/gran-prix-di-formula-1/index.html#respond</comments>
		
		<dc:creator><![CDATA[Mike]]></dc:creator>
		<pubDate>Wed, 01 Mar 2023 15:14:43 +0000</pubDate>
				<category><![CDATA[Eventi ed intrattenimento]]></category>
		<guid isPermaLink="false">./../index.html?p=40</guid>

					<description><![CDATA[Il Gran Premio di Monaco di Formula Uno si corre sul circuito cittadino di Montecarlo nel Principato di Monaco. La prima edizione si disputò il 14 aprile 1929 sotto l&#8217;impulso di Antony Noghès, fondatore dello Automobile Club de Monaco (ACM).]]></description>
										<content:encoded><![CDATA[
<p>Il <strong>Gran Premio di Monaco</strong> di Formula Uno si corre sul circuito cittadino di Montecarlo nel Principato di Monaco. La prima edizione si disputò il 14 aprile 1929 sotto l&#8217;impulso di Antony Noghès, fondatore dello <em>Automobile Club de Monaco</em> (ACM).</p>
]]></content:encoded>
					
					<wfw:commentRss>./../2023/03/01/gran-prix-di-formula-1/feed/index.html</wfw:commentRss>
			<slash:comments>0</slash:comments>
		
		
			</item>
		<item>
		<title>Festival del circo di Monte Carlo</title>
		<link>./../2023/03/01/festival-del-circo-di-monte-carlo/index.html</link>
					<comments>./../2023/03/01/festival-del-circo-di-monte-carlo/index.html#respond</comments>
		
		<dc:creator><![CDATA[Mike]]></dc:creator>
		<pubDate>Wed, 01 Mar 2023 15:09:19 +0000</pubDate>
				<category><![CDATA[Eventi ed intrattenimento]]></category>
		<guid isPermaLink="false">./../index.html?p=38</guid>

					<description><![CDATA[Il Festival internazionale del Circo di Monte Carlo è un festival che si tiene a Monte Carlo a fine gennaio e che premia i migliori artisti circensi del mondo.]]></description>
										<content:encoded><![CDATA[
<p>Il Festival internazionale del Circo di Monte Carlo è un festival che si tiene a Monte Carlo a fine gennaio e che premia i migliori artisti circensi del mondo.</p>
]]></content:encoded>
					
					<wfw:commentRss>./../2023/03/01/festival-del-circo-di-monte-carlo/feed/index.html</wfw:commentRss>
			<slash:comments>0</slash:comments>
		
		
			</item>
		<item>
		<title>Palazzo dei Principi</title>
		<link>./../2023/03/01/palazzo-dei-principi/index.html</link>
					<comments>./../2023/03/01/palazzo-dei-principi/index.html#respond</comments>
		
		<dc:creator><![CDATA[Mike]]></dc:creator>
		<pubDate>Wed, 01 Mar 2023 15:07:27 +0000</pubDate>
				<category><![CDATA[Luoghi e Storia]]></category>
		<guid isPermaLink="false">./../index.html?p=36</guid>

					<description><![CDATA[Il Palazzo dei Principi (o Palazzo del Principe, talvolta indicato come Palazzo Grimaldi e noto ai monegaschi come Palais Princier) è la residenza ufficiale del principe di Monaco e fu fondato in origine nel 1191 come una fortezza genovese.]]></description>
										<content:encoded><![CDATA[
<p>Il <strong>Palazzo dei Principi</strong> (o <strong>Palazzo del Principe</strong>, talvolta indicato come <strong>Palazzo Grimaldi</strong> e noto ai monegaschi come <em>Palais Princier</em>) è la residenza ufficiale del principe di Monaco e fu fondato in origine nel 1191 come una fortezza genovese.</p>
]]></content:encoded>
					
					<wfw:commentRss>./../2023/03/01/palazzo-dei-principi/feed/index.html</wfw:commentRss>
			<slash:comments>0</slash:comments>
		
		
			</item>
		<item>
		<title>La storia del Principato</title>
		<link>./../2023/03/01/la-storia-del-principato/index.html</link>
					<comments>./../2023/03/01/la-storia-del-principato/index.html#respond</comments>
		
		<dc:creator><![CDATA[Mike]]></dc:creator>
		<pubDate>Wed, 01 Mar 2023 15:03:40 +0000</pubDate>
				<category><![CDATA[Luoghi e Storia]]></category>
		<guid isPermaLink="false">./../index.html?p=34</guid>

					<description><![CDATA[Secondo alcuni, il nome viene dalla tribù ligure dei Monoikos, che soggiornavano sulla Rocca nel VI secolo A.C. Secondo altri, l&#8217;origine viene dal greco.]]></description>
										<content:encoded><![CDATA[
<p>Secondo alcuni, il nome viene dalla tribù ligure <em>dei</em> Monoikos, che soggiornavano sulla Rocca nel VI secolo A.C. Secondo altri, l&#8217;origine viene dal greco.</p>
]]></content:encoded>
					
					<wfw:commentRss>./../2023/03/01/la-storia-del-principato/feed/index.html</wfw:commentRss>
			<slash:comments>0</slash:comments>
		
		
			</item>
	</channel>
</rss>
